model,rmse,rsq,mae
Linear,0.22967758138156052,0.9170058925126017,0.17134980711063094
Random‑Forest,0.15535440406762424,0.9621224388121655,0.11300645290848363
