model,rmse,rsq,mae
Linear,0.5274190985973795,0.7289460898650366,0.3782328044211666
Random‑Forest,0.29448830718802205,0.9168102713381738,0.20435904361338406
