model,rmse,rsq,mae
Linear,0.23381898564540995,0.9232691261324174,0.17706707153721796
Random‑Forest,0.1656468070055898,0.9619550041012427,0.12197926142754685
