indicator,count,mean,sd,min,q1,median,q3,max
adult_literacy_rate,4872,81.7973009647407,18.914771026885088,14,68.29519462585448,90,97.1789093017578,100
gdp_per_capita_usd,6288,14741.41303391688,23134.348346037703,109.593813612988,1534.93725762291,5051.4094981514445,18794.2641878878,256580.515122745
health_exp_per_capita,5760,915.8406976109143,1659.610687774389,4.17578602,63.33117676,242.33572387499999,769.9895477274999,12434.43359375
infant_mortality,5856,28.030292372295683,24.88961998444227,1.4,8,19.349076984164,42.86593939262843,234.9
life_expectancy,6360,70.541223606972,8.580398887019287,14.665,65.17325000000001,72.02759646376285,76.87900831073215,86.372
poverty_headcount,4296,14.663966480446927,19.980638340675085,0,0.5,4,23.5,91.5
primary_school_enrolment,6024,101.98427519944971,16.8044440059519,8.44797868213786,97.26200485229492,101.678829193115,107.041450500488,257.434204101562
